x,y,z,Activity
0.28858451,-0.020294171,-0.13290514,STANDING
0.27841883,-0.016410568,-0.12352019,STANDING
0.27965306,-0.019467156,-0.11346169,STANDING
0.27917394,-0.026200646,-0.12328257,STANDING
0.27662877,-0.016569655,-0.11536185,STANDING
0.27719877,-0.01009785,-0.10513725,STANDING
0.27945388,-0.019640776,-0.11002215,STANDING
0.27743247,-0.030488303,-0.12536043,STANDING
0.27729342,-0.021750698,-0.12075082,STANDING
0.28058569,-0.0099602983,-0.10606516,STANDING
0.27688027,-0.012721805,-0.10343832,STANDING
0.27622817,-0.021441302,-0.10820234,STANDING
0.278457,-0.020414761,-0.11273172,STANDING
0.27717497,-0.014712802,-0.10675647,STANDING
0.29794572,0.027093908,-0.061668123,STANDING
0.27920345,-0.023020143,-0.12208028,STANDING
0.27903836,-0.014800378,-0.11684896,STANDING
0.2801349,-0.013916951,-0.10637048,STANDING
0.27773106,-0.018210718,-0.10918803,STANDING
0.27556818,-0.016979698,-0.11142918,STANDING
0.27756171,-0.014318487,-0.10787724,STANDING
0.27715238,-0.017983328,-0.10660117,STANDING
0.2756763,-0.021264234,-0.11080122,STANDING
0.2792002,-0.017714427,-0.10916135,STANDING
0.28171549,-0.011910678,-0.10287513,STANDING
0.27899267,-0.014531029,-0.10659617,STANDING
0.27573444,-0.01801884,-0.10677578,STANDING
0.14450396,0.18926326,0.062769317,SITTING
0.28725164,-0.037455064,-0.14597431,SITTING
0.2799976,-0.019484036,-0.10572355,SITTING
0.22184689,0.034107675,-0.12361242,SITTING
-0.041701306,0.17510248,0.025551778,SITTING
0.013903671,0.15329608,0.016242945,SITTING
0.30368927,-0.0042428053,-0.15085028,SITTING
0.29075969,-0.02403476,-0.11673889,SITTING
0.27090823,-0.014412968,-0.10652245,SITTING
0.2795534,-0.017001147,-0.11051668,SITTING
0.27635864,-0.016138088,-0.10803259,SITTING
0.23715407,0.0078251224,-0.12283791,SITTING
0.2731084,0.0065181116,-0.10947182,SITTING
0.28150539,-0.018434859,-0.11139287,SITTING
0.27843225,-0.019654302,-0.10797029,SITTING
0.2733796,-0.0099401064,-0.10839283,SITTING
0.27905615,-0.01626097,-0.11281565,SITTING
0.2785991,-0.019910142,-0.1111806,SITTING
0.27328142,-0.011127209,-0.10634926,SITTING
0.27853812,-0.016173432,-0.10970656,SITTING
0.27746121,-0.017491016,-0.10635945,SITTING
0.27394057,-0.013147584,-0.10543517,SITTING
0.27930326,-0.020521383,-0.11323643,SITTING
0.2790872,-0.019083242,-0.10588882,SITTING
0.40347433,-0.015074404,-0.11816739,LAYING
0.27837321,-0.020560964,-0.096824565,LAYING
0.27655526,-0.01786855,-0.10762126,LAYING
0.27957476,-0.017275722,-0.10948053,LAYING
0.27652699,-0.0168191,-0.10798311,LAYING
0.27812334,-0.017146303,-0.10801374,LAYING
0.27800654,-0.01780317,-0.10896485,LAYING
0.2802064,-0.01839626,-0.10748863,LAYING
0.28182774,-0.018626474,-0.10527824,LAYING
0.27672941,-0.017209548,-0.10563797,LAYING
0.27588359,-0.016150309,-0.10882921,LAYING
0.27783021,-0.017684054,-0.1057035,LAYING
0.27937115,-0.017644953,-0.10818111,LAYING
0.019016151,-0.0070373566,-0.028333356,LAYING
0.3402085,-0.036452984,-0.10625819,LAYING
-0.16642569,-0.11935251,0.13303497,LAYING
-0.23910256,-0.096904391,0.14803461,LAYING
0.34696848,0.069408647,-0.20082552,LAYING
0.30383319,0.1036482,-0.24533103,LAYING
-0.36120533,-0.26812111,0.17689637,LAYING
-0.27706634,-0.68409659,0.34665772,LAYING
0.2574765,-0.41386534,0.017374188,LAYING
0.27683965,-0.02714766,-0.1231748,LAYING
0.26865095,0.016430154,-0.10372571,LAYING
0.28526329,-0.008888811,-0.10374518,LAYING
0.28347732,-0.0075244582,-0.10928717,LAYING
0.27302712,-0.010196757,-0.11115339,LAYING
0.28202157,-0.037696218,-0.1348973,WALKING
0.25584075,-0.064550029,-0.095186339,WALKING
0.25486723,0.0038147234,-0.12365809,WALKING
0.34337048,-0.014446221,-0.16737697,WALKING
0.27623973,-0.029638413,-0.14261631,WALKING
0.25546822,0.021219063,-0.048949431,WALKING
0.32113983,0.0015817951,-0.043553705,WALKING
0.2346659,-0.049547719,-0.11175723,WALKING
0.31263404,-0.026367749,-0.13095121,WALKING
0.2769154,-0.03548621,-0.080569176,WALKING
0.20530739,-0.0085082782,-0.11964696,WALKING
0.30699599,-0.01378698,-0.18016197,WALKING
0.28151325,-0.040800898,-0.13467496,WALKING
0.30388542,0.0027680377,-0.038613087,WALKING
0.3541929,-0.012560935,-0.058680943,WALKING
0.22229785,-0.018659683,-0.11718642,WALKING
0.21448125,0.0099387454,-0.123073,WALKING
0.32731657,-0.022255821,-0.1491439,WALKING
0.3490591,-0.022003784,-0.15005217,WALKING
0.26468173,-0.0085919266,-0.10297373,WALKING
0.28431748,-0.027205815,-0.21230304,WALKING
0.22172674,-0.02437697,-0.075076407,WALKING
0.29097148,-0.027810418,-0.042982545,WALKING
0.26108077,-0.015635621,-0.10258842,WALKING
0.25242505,0.0062773455,-0.12518006,WALKING
0.35878664,-0.016954505,-0.15477656,WALKING
0.256935,-0.010577401,-0.10544192,WALKING
0.29855414,0.00079445569,-0.040695674,WALKING
0.30804575,-0.023300458,-0.07970154,WALKING
0.20356167,-0.03050523,-0.13709513,WALKING
0.28056095,-0.011424653,-0.15619795,WALKING
0.33216933,-0.034585828,-0.15926922,WALKING
0.28703017,-0.02723993,-0.11750002,WALKING
0.30159413,-0.044653002,-0.081513949,WALKING
0.24608919,-0.016175423,-0.11188336,WALKING
0.29272439,-0.0021398385,-0.14034852,WALKING
0.33156003,-0.0074950152,-0.13173868,WALKING
0.20201055,-0.0090379452,-0.079095855,WALKING
0.30363491,-0.014656769,-0.042613832,WALKING
0.35919361,-0.018079718,-0.07234686,WALKING
0.22442754,-0.031464353,-0.12726298,WALKING
0.23995826,-0.0097107196,-0.12197022,WALKING
0.28972747,0.01534272,-0.11667518,WALKING
0.30830537,-0.019882845,-0.16044667,WALKING
0.32746543,-0.03566696,-0.18182373,WALKING
0.23841102,-0.023196389,-0.11255181,WALKING
0.1801943,-0.017796846,-0.039347036,WALKING
0.35845532,0.017975385,-0.084159118,WALKING_DOWNSTAIRS
0.30171512,-0.0070493914,-0.093681451,WALKING_DOWNSTAIRS
0.28155172,-0.016110289,-0.14009252,WALKING_DOWNSTAIRS
0.27395574,-0.022899292,-0.12725614,WALKING_DOWNSTAIRS
0.29995717,0.014082123,-0.082310404,WALKING_DOWNSTAIRS
0.26537379,-0.017156211,-0.13877347,WALKING_DOWNSTAIRS
0.27763311,-0.03726758,-0.10002093,WALKING_DOWNSTAIRS
0.26688016,-0.0023073023,-0.063727153,WALKING_DOWNSTAIRS
0.21070047,-0.005968762,-0.1095915,WALKING_DOWNSTAIRS
0.28521305,-0.020202459,-0.011024206,WALKING_DOWNSTAIRS
0.4699458,-0.033624109,-0.1412542,WALKING_DOWNSTAIRS
0.23528441,-0.014570467,-0.20841776,WALKING_DOWNSTAIRS
0.1669136,-0.03373288,-0.13334869,WALKING_DOWNSTAIRS
0.44562097,-0.011902709,-0.15116909,WALKING_DOWNSTAIRS
0.23179921,-0.0075220252,-0.055801013,WALKING_DOWNSTAIRS
0.28134949,-0.0007098312,-0.0086999005,WALKING_DOWNSTAIRS
0.36248249,-0.0035526939,-0.18104462,WALKING_DOWNSTAIRS
0.43503687,-0.0065917495,-0.082909932,WALKING_DOWNSTAIRS
0.35119884,0.021866728,-0.1494262,WALKING_DOWNSTAIRS
0.13046118,-0.05499692,-0.13178649,WALKING_DOWNSTAIRS
0.31277629,-0.050409373,-0.043028643,WALKING_DOWNSTAIRS
0.42595606,0.02456,-0.15095947,WALKING_DOWNSTAIRS
0.26749864,-0.018319479,-0.16901282,WALKING_DOWNSTAIRS
0.15439416,0.0016045166,-0.010548619,WALKING_DOWNSTAIRS
0.20535149,-0.0038073578,-0.032628831,WALKING_DOWNSTAIRS
0.18360372,-0.076558729,-0.0469561,WALKING_UPSTAIRS
0.27918273,-0.036965677,-0.13360426,WALKING_UPSTAIRS
0.30116241,-0.0017592965,-0.10683037,WALKING_UPSTAIRS
0.29341097,-0.018714518,-0.066159078,WALKING_UPSTAIRS
0.2303099,0.0021737117,-0.043103131,WALKING_UPSTAIRS
0.15851651,0.0042561454,-0.018779209,WALKING_UPSTAIRS
0.21524532,-0.032628002,-0.11896558,WALKING_UPSTAIRS
0.27147742,-0.030746091,-0.15623238,WALKING_UPSTAIRS
0.14085877,-0.068261729,-0.072115723,WALKING_UPSTAIRS
0.23145946,-0.013340312,-0.092367982,WALKING_UPSTAIRS
0.29569289,-0.017291,-0.099927816,WALKING_UPSTAIRS
0.34408292,-0.019665159,-0.14195199,WALKING_UPSTAIRS
0.33299252,-0.030312276,-0.11360054,WALKING_UPSTAIRS
0.31672153,-0.023908255,-0.1107584,WALKING_UPSTAIRS
0.27425493,-0.028953751,-0.15558324,WALKING_UPSTAIRS
0.26034404,-0.03367069,-0.12730182,WALKING_UPSTAIRS
0.27771111,-0.0089315038,-0.081181352,WALKING_UPSTAIRS
0.22622757,-0.053718943,-0.11252061,WALKING_UPSTAIRS
0.25960382,-0.018097161,-0.11447381,WALKING_UPSTAIRS
0.34402821,-0.035875128,-0.094238465,WALKING_UPSTAIRS
0.37052032,-0.008881052,-0.15190137,WALKING_UPSTAIRS
0.2732136,-0.012546631,-0.12786494,WALKING_UPSTAIRS
0.23124563,-0.0072225043,-0.034995546,WALKING_UPSTAIRS
0.25025528,0.0077234474,-0.058462756,WALKING_UPSTAIRS
0.23033751,-0.021806697,-0.11877561,WALKING_UPSTAIRS
0.22969556,-0.05216571,-0.11179085,WALKING_UPSTAIRS
0.26076161,-0.035370696,-0.13730782,STANDING
0.28981703,-0.010751748,-0.11994169,STANDING
0.28451133,-0.0085448131,-0.089976474,STANDING
0.2852744,-0.0045132061,-0.1137861,STANDING
0.27239664,-0.023659196,-0.11324183,STANDING
0.26580577,-0.032762393,-0.11731189,STANDING
0.278426,-0.017091944,-0.12529627,STANDING
0.27942505,-0.014947411,-0.1101951,STANDING
0.27526076,-0.016105674,-0.10343073,STANDING
0.27687455,-0.018606634,-0.112972,STANDING
0.2792417,-0.017290162,-0.11394039,STANDING
0.27884783,-0.01531619,-0.10701234,STANDING
0.27368218,-0.019975668,-0.10754792,STANDING
0.27394901,-0.021795449,-0.11743596,STANDING
0.32236308,0.034225504,-0.05735073,STANDING
0.2745262,-0.025134082,-0.12251223,STANDING
0.27380646,-0.019735938,-0.11988703,STANDING
0.27664268,-0.016755348,-0.099381423,STANDING
0.27436388,-0.023361777,-0.11033551,STANDING
0.27475366,-0.020102285,-0.12120311,STANDING
0.27872042,-0.014508176,-0.11530914,STANDING
0.27938002,-0.01543831,-0.11126972,STANDING
0.27734354,-0.01565033,-0.10844766,STANDING
0.27796276,-0.015040946,-0.10639918,STANDING
0.27997806,-0.015505193,-0.10621291,STANDING
0.27970111,-0.015808416,-0.10892197,STANDING
0.26297624,-0.00028737053,-0.17609097,SITTING
0.29811757,-0.035646628,-0.11592994,SITTING
0.27727452,-0.011693149,-0.10258892,SITTING
0.27866687,-0.017999434,-0.11006327,SITTING
0.27873199,-0.018106346,-0.10781649,SITTING
0.27559191,-0.013962574,-0.10788811,SITTING
0.27832678,-0.01757272,-0.10987181,SITTING
0.27839415,-0.018437222,-0.1116638,SITTING
0.27750957,-0.016333594,-0.10989482,SITTING
0.27798405,-0.017867041,-0.10694863,SITTING
0.27564442,-0.015470231,-0.10820759,SITTING
0.39365355,-0.023633221,-0.12592376,LAYING
0.31932383,-0.024865202,-0.099798821,LAYING
0.27903686,-0.016669682,-0.10935435,LAYING
0.2816654,-0.017570074,-0.11073427,LAYING
0.27714164,-0.01806797,-0.11041766,LAYING
0.27890115,-0.017814424,-0.10698796,LAYING
0.27972834,-0.01600381,-0.1073364,LAYING
0.27603949,-0.017357172,-0.10897656,LAYING
0.27831632,-0.018048727,-0.10840311,LAYING
0.27575263,-0.016788627,-0.10562315,LAYING
0.27885089,-0.016544181,-0.10901088,LAYING
0.28202074,-0.017589649,-0.10793379,LAYING
0.31076307,0.018053586,-0.20554844,SITTING
0.2645391,-0.019722322,-0.071903067,SITTING
0.26963511,-0.0089314391,-0.089394709,SITTING
0.27259354,-0.0057626503,-0.10852663,SITTING
0.27682826,-0.016123297,-0.11023355,SITTING
0.2761599,-0.01332633,-0.10596005,SITTING
0.27575308,-0.010254163,-0.10953993,SITTING
0.27790646,-0.017143471,-0.10985922,SITTING
0.27554943,-0.014115159,-0.10899857,SITTING
0.27778196,-0.015873588,-0.11050438,SITTING
0.27725766,-0.014249297,-0.11220537,SITTING
0.27426151,-0.012264695,-0.10949351,SITTING
-0.066238871,0.07922905,-1.0,LAYING
-0.083287063,0.010297707,-0.51608391,LAYING
0.2591151,-0.017985103,-0.12024506,LAYING
0.29230775,-0.00692865,-0.029339182,LAYING
0.32588645,0.00081689933,0.016658077,LAYING
0.30005315,-0.018087248,-0.10818389,LAYING
0.28809417,-0.022759306,-0.13505802,LAYING
0.27676588,-0.018060289,-0.12013176,LAYING
0.24389788,-0.027628987,-0.18227212,LAYING
0.18047854,-0.042535659,-0.28056106,LAYING
0.20896421,-0.022742569,-0.16644945,LAYING
0.25012584,-0.02268563,-0.064799659,WALKING
0.27324282,0.0060649186,-0.088320786,WALKING
0.34625374,-0.018934595,-0.071284752,WALKING
0.32599307,-0.016638474,-0.05512912,WALKING
0.27052,-0.016289773,-0.10293667,WALKING
0.22667958,-0.036078863,-0.13872566,WALKING
0.23948442,-0.017132916,-0.12317001,WALKING
0.29542323,0.0030962138,-0.12756327,WALKING
0.28051914,-0.018843872,-0.21913175,WALKING
0.34708066,-0.037003662,-0.1313715,WALKING
0.28375642,-0.025635447,-0.12219085,WALKING
0.23285893,0.0060932862,-0.10962065,WALKING
0.27194632,0.0038772773,-0.053688526,WALKING
0.34859482,-0.0092913878,-0.048420161,WALKING
0.32551283,-0.030425049,-0.090442602,WALKING
0.21453672,-0.032810366,-0.1237505,WALKING
0.22009445,-0.021543101,-0.15073743,WALKING
0.28384717,-0.0030528987,-0.12795043,WALKING
0.27305549,-0.018221127,-0.12811291,WALKING
0.29286452,-0.040265291,-0.15077284,WALKING
0.28562929,-0.033009184,-0.12127097,WALKING
0.15618659,-0.049614593,-0.11290104,WALKING
0.29644415,0.014086002,-0.010259465,WALKING
0.39824941,0.027317684,-0.062956416,WALKING
0.32858963,-0.023303338,-0.081835606,WALKING
0.24003888,-0.017441822,-0.085922906,WALKING
0.2784596,-0.023397895,-0.13045484,WALKING
0.26682128,-0.018607495,-0.1298046,WALKING
0.28656754,0.020619282,-0.092535898,WALKING
0.30583985,-0.0021923253,-0.12497137,WALKING
0.31035963,-0.054635143,-0.13912115,WALKING
0.28772456,-0.038921811,-0.12101893,WALKING
0.22003494,-0.0078731854,-0.10586088,WALKING
0.23398475,0.0077570244,-0.087513687,WALKING
0.24898582,-0.053664698,-0.25543912,WALKING
0.22251789,-0.015582132,-0.10349692,WALKING
0.22247974,-0.0062025184,-0.079425955,WALKING
0.28111697,0.0073702798,-0.12225809,WALKING
0.28618516,0.00078622212,-0.14347148,WALKING
0.29672786,-0.0079559289,-0.12024131,WALKING
0.29668098,-0.04271512,-0.10477623,WALKING
0.27330795,-0.042960517,-0.11741912,WALKING
0.23887121,0.0076402593,-0.1059361,WALKING
0.2408087,-0.00050888361,-0.095617951,WALKING
0.36562924,-0.020382593,-0.089326453,WALKING
0.33117237,-0.028691115,-0.10839138,WALKING
0.1902231,-0.038897051,-0.09869604,WALKING
0.23003885,-0.022024777,-0.097875785,WALKING
0.3444907,0.021733464,-0.20394047,WALKING_DOWNSTAIRS
0.20714979,-0.0034351025,-0.14330782,WALKING_DOWNSTAIRS
0.1686636,0.052146924,-0.082792774,WALKING_DOWNSTAIRS
0.41024452,-0.0079768275,-0.1694751,WALKING_DOWNSTAIRS
0.41043867,-0.064726783,-0.12377204,WALKING_DOWNSTAIRS
0.26097364,0.0051912105,-0.14623831,WALKING_DOWNSTAIRS
0.19239073,0.015226187,-0.16339996,WALKING_DOWNSTAIRS
0.16085356,-0.067771871,-0.048164595,WALKING_UPSTAIRS
0.19737448,-0.023080695,-0.10202009,WALKING_UPSTAIRS
0.28930934,-0.039572283,-0.12029202,WALKING_UPSTAIRS
0.30968525,-0.026232277,-0.062244884,WALKING_UPSTAIRS
0.24748304,0.00056547901,-0.07518192,WALKING_UPSTAIRS
0.24404031,-0.030303589,-0.11363494,WALKING_UPSTAIRS
0.29942617,-0.010201837,-0.11816594,WALKING_UPSTAIRS
0.27386865,-0.011459277,-0.1538041,WALKING_UPSTAIRS
0.27278629,-0.034461224,-0.12698147,WALKING_UPSTAIRS
0.21800676,-0.074887013,-0.052703157,WALKING_UPSTAIRS
0.26760132,-0.032814137,-0.1130729,WALKING_UPSTAIRS
0.20297773,0.0074192704,-0.09300039,WALKING_UPSTAIRS
0.29261951,-0.013621795,-0.092397696,WALKING_UPSTAIRS
0.25244236,-0.015507321,-0.070093738,WALKING_UPSTAIRS
0.18944069,-0.0027834942,-0.065808412,WALKING_UPSTAIRS
0.25745284,-0.04335044,-0.11694851,WALKING_UPSTAIRS
0.2795809,-0.029329514,-0.13687861,WALKING_UPSTAIRS
0.28068106,-0.0047294571,-0.12071994,WALKING_UPSTAIRS
0.17993953,-0.06017359,-0.017653749,WALKING_UPSTAIRS
0.22588802,-0.021954576,-0.1080066,WALKING_UPSTAIRS
0.26439312,0.0091204488,-0.10478296,WALKING_UPSTAIRS
0.28541537,0.016833852,-0.10688354,WALKING_UPSTAIRS
0.23826921,0.00012396818,-0.093751617,WALKING_UPSTAIRS
0.18359029,-0.020857894,-0.052463899,WALKING_UPSTAIRS
0.21462352,-0.026791078,-0.10251064,WALKING_UPSTAIRS
0.26001212,-0.030019182,-0.10970412,WALKING_UPSTAIRS
0.32955346,-0.045809874,-0.068692746,WALKING_UPSTAIRS
0.20876832,0.030679246,0.037288816,WALKING_DOWNSTAIRS
0.35382353,-0.024879552,-0.086384343,WALKING_DOWNSTAIRS
0.35619073,-0.051817875,-0.15934525,WALKING_DOWNSTAIRS
0.22259283,-0.02449569,-0.15388612,WALKING_DOWNSTAIRS
0.22966134,0.026781905,-0.18932387,WALKING_DOWNSTAIRS
0.21537091,-0.045299636,-0.10234205,WALKING_DOWNSTAIRS
0.34355324,-0.024165905,-0.017703843,WALKING_DOWNSTAIRS
0.29010859,0.032174046,-0.048561434,WALKING_DOWNSTAIRS
0.25079554,-0.0034577794,-0.070470363,WALKING_DOWNSTAIRS
0.40209809,-0.040365788,-0.072894129,WALKING_DOWNSTAIRS
0.41983326,-0.056165676,-0.1553395,WALKING_DOWNSTAIRS
0.3139389,-0.028131107,-0.1535226,WALKING_DOWNSTAIRS
0.25994947,-0.022679831,-0.10227613,WALKING_DOWNSTAIRS
0.2038278,-0.0001716803,-0.083073081,WALKING_DOWNSTAIRS
0.18594631,-0.011803726,-0.036139711,WALKING_DOWNSTAIRS
0.33584724,0.011445562,-0.080037372,WALKING_DOWNSTAIRS
0.2860648,0.016799817,-0.16313273,WALKING_DOWNSTAIRS
0.23601277,-0.026913144,0.18639534,STANDING
0.26731751,-0.032355179,-0.062924067,STANDING
0.28335241,-0.010728703,-0.11733272,STANDING
0.26927723,-0.032606502,-0.13028676,STANDING
0.2783618,-0.013656893,-0.12915439,STANDING
0.30643156,0.027459372,-0.10407181,STANDING
0.28749007,0.016839126,-0.06516443,STANDING
0.26287883,-0.022379352,-0.083592456,STANDING
0.27944197,-0.023078631,-0.12332077,STANDING
0.28643265,-0.023842891,-0.12273754,STANDING
0.27293268,-0.039067631,-0.11017159,STANDING
0.24847403,-0.037999251,-0.030083776,STANDING
0.26582646,-0.031669222,-0.083983249,STANDING
0.27605329,-0.015408535,-0.13171922,STANDING
0.26377017,-0.021187085,-0.081684886,STANDING
0.27088078,-0.038723153,-0.10844469,STANDING
0.43020885,0.10254087,-0.0556042,STANDING
0.29495455,0.009075787,-0.10264411,STANDING
0.27456461,-0.027991273,-0.12256318,STANDING
0.26924174,-0.025529403,-0.10009175,STANDING
0.27392022,-0.015952619,-0.098662111,STANDING
0.28827279,-0.006332133,-0.10540087,STANDING
0.28410731,-0.010061076,-0.10173142,STANDING
0.27010097,-0.023550544,-0.10116623,STANDING
0.27319016,-0.023302776,-0.10721116,STANDING
0.28011247,-0.012618021,-0.10563723,STANDING
0.27739954,-0.015537024,-0.11087508,STANDING
0.27487138,-0.019577012,-0.1118923,STANDING
0.27952882,-0.016447003,-0.10626443,STANDING
0.2813921,-0.0123645,-0.10487937,STANDING
0.28247452,-0.011067786,-0.13255126,STANDING
0.3256536,0.028817786,-0.032056785,SITTING
0.26217511,-0.062819481,-0.15703615,SITTING
0.27439932,-0.0017697185,-0.083310746,SITTING
0.27118439,-0.01149042,-0.089935247,SITTING
0.27055607,-0.0061249184,-0.091966376,SITTING
0.26051905,0.0098193055,-0.078471122,SITTING
0.093068135,0.15040887,0.051458368,SITTING
-0.18139412,0.32412953,0.12938955,SITTING
-0.0615055,0.17408171,0.031555899,SITTING
0.23159725,-0.023177324,-0.064478524,SITTING
0.27500006,-0.018702893,-0.10325556,SITTING
0.25401543,-0.010676678,-0.094228226,SITTING
0.37655125,-0.11349946,-0.26823801,SITTING
0.27732739,0.019990398,-0.15202442,SITTING
0.26788442,0.0060403153,-0.10005102,SITTING
0.27687512,-0.01572964,-0.10257949,SITTING
0.27589441,-0.015358871,-0.096289703,SITTING
0.27463913,-0.014627271,-0.09635546,SITTING
0.27565662,-0.018430818,-0.10803572,SITTING
0.28167526,-0.017778461,-0.12445165,SITTING
0.28685725,-0.02272766,-0.14375749,SITTING
0.27950407,-0.02047285,-0.12044462,SITTING
0.27376357,-0.013785705,-0.10031331,SITTING
0.27789697,-0.016519861,-0.1051797,SITTING
0.27771536,-0.017965805,-0.10457087,SITTING
0.27416643,-0.014211302,-0.09759523,SITTING
0.26307307,-0.020708401,-0.10415558,LAYING
0.25924966,-0.010370885,-0.10117466,LAYING
0.2731223,-0.024140671,-0.091799885,LAYING
0.280936,-0.018769082,-0.10783636,LAYING
0.28919046,-0.016912076,-0.1092038,LAYING
0.29412126,-0.015314462,-0.11139625,LAYING
0.27408717,-0.014713512,-0.11480583,LAYING
0.27076432,-0.019818107,-0.10195511,LAYING
0.28778228,-0.020286286,-0.10224496,LAYING
0.28882018,-0.015725603,-0.11301861,LAYING
0.30174345,-0.010642162,-0.12663126,LAYING
0.28931482,-0.014115319,-0.11553447,LAYING
0.25651512,-0.014986371,-0.10452499,LAYING
0.28684091,-0.013721018,-0.11928331,LAYING
0.28226646,-0.029489979,-0.089357985,LAYING
0.23982421,-0.012820186,-0.097670072,LAYING
0.27218141,-0.018131841,-0.10653995,LAYING
0.2721901,-0.017178761,-0.10991247,LAYING
0.27168092,-0.018231844,-0.10376982,LAYING
0.27270038,-0.017679919,-0.10441484,LAYING
0.27619261,-0.015433074,-0.11040669,LAYING
0.27771105,-0.017850354,-0.10929715,LAYING
0.2752802,-0.018206091,-0.10740518,LAYING
0.28817583,-0.014690457,-0.11372304,LAYING
0.292282,-0.014277655,-0.11915816,LAYING
0.27263222,-0.016716655,-0.10755375,LAYING
0.26563017,-0.018372323,-0.10120445,LAYING
0.27593368,-0.018447236,-0.10577173,LAYING
0.28076891,-0.017289589,-0.10883655,LAYING
0.27424221,-0.016037614,-0.11276997,LAYING
0.33614928,-0.023240895,-0.17409769,WALKING
0.29658487,-0.0031571521,-0.13154315,WALKING
0.24795242,-0.025486891,-0.11879132,WALKING
0.27631796,-0.0012859649,-0.14715666,WALKING
0.27851827,-0.019819862,-0.11280559,WALKING
0.27287741,-0.033118448,-0.086875067,WALKING
0.2895603,-0.031446345,-0.11074412,WALKING
0.29453204,-0.02786412,-0.081474665,WALKING
0.26703075,-0.016815551,-0.086034479,WALKING
0.2374203,-0.032180843,-0.10108536,WALKING
0.23965834,-0.021141409,-0.072926017,WALKING
0.24745185,-0.0054215092,-0.10959878,WALKING
0.25841772,-0.018317884,-0.13899403,WALKING
0.27072544,-0.011880203,-0.08906095,WALKING
0.293718,0.0054011672,-0.094846491,WALKING
0.29966975,0.01773035,-0.10341476,WALKING
0.25499622,-0.054201115,-0.15021167,WALKING
0.21856391,-0.009333407,-0.083282963,WALKING
0.25643361,-0.019301241,-0.10237117,WALKING
0.34790061,-0.018431216,-0.14247895,WALKING
0.32179415,-0.02848843,-0.14481572,WALKING
0.21875287,-0.030280572,-0.12122729,WALKING
0.22349818,-0.0047644234,-0.05482505,WALKING
0.28144069,0.022608484,-0.005444201,WALKING
0.36888214,-0.02332779,-0.12545936,WALKING
0.34063254,-0.05490863,-0.17853462,WALKING
0.24546849,-0.050384644,-0.11059426,WALKING
0.20231704,-0.035684596,-0.11827706,WALKING
0.23177399,0.0049371571,-0.11435794,WALKING
0.2736521,0.0051452093,-0.1154417,WALKING
0.26484622,0.0065977921,-0.11285587,WALKING
0.1954509,-0.0087076916,-0.10560986,WALKING_DOWNSTAIRS
0.26005764,-0.05318923,-0.099270803,WALKING_DOWNSTAIRS
0.40137358,-0.057840219,-0.0028824215,WALKING_DOWNSTAIRS
0.25170106,0.0035481818,-0.052847095,WALKING_DOWNSTAIRS
0.20908092,-0.00072079571,-0.24063776,WALKING_DOWNSTAIRS
0.26361114,-0.012362911,-0.12641528,WALKING_DOWNSTAIRS
0.31341697,-0.020404815,-0.050693901,WALKING_DOWNSTAIRS
0.38648994,-0.046074048,-0.11996797,WALKING_DOWNSTAIRS
0.29724979,-0.042621318,-0.1410546,WALKING_DOWNSTAIRS
0.40796171,-0.035302397,-0.12883223,WALKING_DOWNSTAIRS
0.3363213,0.01383788,-0.086847284,WALKING_DOWNSTAIRS
0.28176742,-0.00072678829,-0.0730893,WALKING_DOWNSTAIRS
0.17444228,-0.035646306,-0.13406221,WALKING_DOWNSTAIRS
0.16496565,-0.012368938,-0.2205622,WALKING_DOWNSTAIRS
0.36480638,-0.00010105371,-0.11660425,WALKING_DOWNSTAIRS
0.3581001,-0.072325023,-0.10349534,WALKING_DOWNSTAIRS
0.43396328,-0.013693566,-0.055880867,WALKING_DOWNSTAIRS
0.39825953,0.016888494,-0.10681026,WALKING_DOWNSTAIRS
0.11336129,0.017742643,-0.10452548,WALKING_DOWNSTAIRS
0.17659603,-0.022868866,-0.1079376,WALKING_DOWNSTAIRS
0.32805345,-0.063723457,-0.14756405,WALKING_DOWNSTAIRS
0.29480972,0.0090315446,-0.069136514,WALKING_DOWNSTAIRS
0.27705363,-0.025718815,-0.23881834,WALKING_DOWNSTAIRS
0.058825669,-0.1086128,-0.076527896,WALKING_UPSTAIRS
0.21824853,-0.033435546,-0.11611135,WALKING_UPSTAIRS
0.32002946,-0.022273059,-0.087360494,WALKING_UPSTAIRS
0.40464083,-0.014041612,-0.051365573,WALKING_UPSTAIRS
0.3259736,-0.011531985,-0.08532991,WALKING_UPSTAIRS
0.17984498,0.00037919422,-0.11352439,WALKING_UPSTAIRS
0.21803742,-0.014925637,-0.091867688,WALKING_UPSTAIRS
0.35930724,-0.037890725,-0.14053428,WALKING_UPSTAIRS
0.35614452,0.0033888051,-0.14063527,WALKING_UPSTAIRS
0.17331223,-0.10352888,-0.24207289,WALKING_UPSTAIRS
0.26248578,-0.029029148,-0.088647354,WALKING_UPSTAIRS
0.2739514,-0.02879277,-0.011273408,WALKING_UPSTAIRS
0.24005401,0.034980469,-0.11303406,WALKING_UPSTAIRS
0.28308509,0.0097610841,-0.12090612,WALKING_UPSTAIRS
0.32332368,-0.053276359,-0.091897239,WALKING_UPSTAIRS
0.30282609,-0.066835794,-0.1736808,WALKING_UPSTAIRS
0.29805475,-0.031431622,-0.15731069,WALKING_UPSTAIRS
0.091124312,-0.11287298,-0.11946275,WALKING_UPSTAIRS
0.12888592,-0.013788855,-0.065909648,WALKING_UPSTAIRS
0.2198336,0.0014093012,-0.0073177408,WALKING_UPSTAIRS
0.36675303,0.00058926763,-0.049062658,WALKING_UPSTAIRS
0.38196763,-0.034866297,-0.10078814,WALKING_UPSTAIRS
0.35345495,0.015948475,-0.052372196,WALKING_UPSTAIRS
0.20922994,0.026107118,-0.091443506,WALKING_UPSTAIRS
0.13669746,-0.055384001,-0.19109061,WALKING_UPSTAIRS
0.27441806,-0.056769823,-0.17635297,WALKING_UPSTAIRS
0.21042944,-0.16110183,-0.068394118,WALKING_UPSTAIRS
0.29407001,-0.075006256,-0.10101207,WALKING_UPSTAIRS
0.24860852,0.0091259761,-0.14779804,WALKING_UPSTAIRS
0.21549677,-0.012975155,-0.086175616,WALKING_UPSTAIRS
0.26812381,-0.088037829,-0.067815298,WALKING_UPSTAIRS
0.35951803,-0.016889816,-0.077857079,WALKING_UPSTAIRS
0.21323468,0.036049984,-0.11035526,WALKING_UPSTAIRS
0.20481442,0.0044999325,-0.15298272,WALKING_UPSTAIRS
0.24075493,-0.015526029,-0.081665303,STANDING
0.28100578,-0.037916442,-0.20617762,STANDING
0.27311074,-0.019947006,-0.09147878,STANDING
0.28179384,-0.014159431,-0.098780316,STANDING
0.27412441,-0.029926296,-0.11795947,STANDING
0.27526771,-0.015050466,-0.11420397,STANDING
0.27619094,-0.015568594,-0.11880774,STANDING
0.27325437,-0.026320608,-0.12949951,STANDING
0.27907242,-0.017639768,-0.10625263,STANDING
0.2826611,-0.011751325,-0.10355633,STANDING
0.27867898,-0.013728366,-0.11144247,STANDING
0.27305103,-0.020057779,-0.10440918,STANDING
0.27745001,-0.015213574,-0.11366499,STANDING
0.28162614,-0.015273006,-0.108266,STANDING
0.36100048,0.041930333,-6.8066622e-05,STANDING
0.28447768,0.0030326103,-0.20852469,STANDING
0.25600381,-0.050236136,-0.098153884,STANDING
0.28009789,-0.018414133,-0.11252228,STANDING
0.30283482,0.021142501,-0.13124183,STANDING
0.28430928,-0.0032622565,-0.11664297,STANDING
0.28326382,-0.012030672,-0.057917237,STANDING
0.286952,-0.011682068,-0.068818839,STANDING
0.27267681,-0.017661164,-0.12805853,STANDING
0.27185147,-0.01783494,-0.12293669,STANDING
0.2754235,-0.021202006,-0.1100767,STANDING
0.2708317,-0.027725151,-0.11220416,STANDING
0.2727471,-0.023042517,-0.12040509,STANDING
0.277341,-0.016725672,-0.12175841,STANDING
0.28706553,-0.0059866427,-0.10852538,STANDING
0.27864378,-0.012788195,-0.1094543,STANDING
0.16430905,0.077554196,-0.052819223,SITTING
0.24429634,-0.055037125,-0.068961997,SITTING
0.27134909,-0.015977023,-0.035051208,SITTING
0.26855745,-0.014486297,-0.0968184,SITTING
0.27698778,-0.018260734,-0.10951976,SITTING
0.27788045,-0.017338655,-0.10617037,SITTING
0.27555343,-0.016676012,-0.10413444,SITTING
0.27464524,-0.015177054,-0.10466006,SITTING
0.27766128,-0.017271065,-0.10722065,SITTING
0.27838495,-0.019059906,-0.11011034,SITTING
0.27618768,-0.017867055,-0.11142905,SITTING
0.27552752,-0.014104146,-0.11142994,SITTING
0.27240728,-0.085983504,-0.21536595,SITTING
0.39317566,-0.081143811,0.060963705,SITTING
0.28980389,-0.067702978,-0.17441414,SITTING
0.26915611,-0.015872993,-0.13505463,SITTING
0.27358776,0.0066082668,-0.13555113,SITTING
0.27889486,-0.0044941887,-0.11133195,SITTING
0.27832059,-0.025827408,-0.094847131,SITTING
0.27882544,-0.014209379,-0.096209069,SITTING
0.27614864,0.0015088688,-0.094874242,SITTING
0.27546483,-0.0076867715,-0.089048689,SITTING
0.27758758,-0.026988376,-0.098281824,SITTING
0.26184609,0.012139631,-0.17727136,SITTING
0.25026411,0.026935894,-0.2433694,SITTING
0.28577601,-0.033157071,-0.089408997,SITTING
0.31860472,-0.035125806,-0.056683941,LAYING
0.27807082,-0.026539151,-0.062495646,LAYING
0.25008823,-0.016151777,-0.095910126,LAYING
0.26573827,-0.021703052,-0.090398382,LAYING
0.26295204,-0.021930064,-0.08713072,LAYING
0.26633272,-0.021374101,-0.0934612,LAYING
0.27416584,-0.018334288,-0.10162287,LAYING
0.27802477,-0.01727334,-0.10561605,LAYING
0.28348739,-0.013316486,-0.12296754,LAYING
0.28766482,-0.011355923,-0.13199496,LAYING
0.274487,-0.015155836,-0.11157786,LAYING
0.26633797,-0.015746865,-0.10898144,LAYING
0.24782504,-0.019898451,-0.096118061,LAYING
0.24147544,-0.025622039,-0.069812387,LAYING
0.27421965,-0.020438819,-0.09303619,LAYING
0.31421469,-0.0097170633,-0.13887653,LAYING
0.29067526,-0.06840145,0.0014106566,LAYING
0.25657896,-0.027865744,-0.044736071,LAYING
0.27507698,-0.027643686,-0.064616825,LAYING
0.2631234,-0.022800213,-0.090274058,LAYING
0.26825472,-0.018749283,-0.098933134,LAYING
0.27527453,-0.0191315,-0.10443454,LAYING
0.2771948,-0.018289354,-0.10691458,LAYING
0.27274802,-0.015981187,-0.10868394,LAYING
0.27531042,-0.018139973,-0.10453454,LAYING
0.27824475,-0.019981604,-0.10085615,LAYING
0.27513809,-0.015470307,-0.11311885,LAYING
0.27365544,-0.015767117,-0.10743581,LAYING
0.2714901,-0.019702445,-0.093862999,LAYING
0.28152916,-0.013984689,-0.11851874,LAYING
0.28170692,-0.014668325,-0.1209007,LAYING
0.27710055,-0.017914596,-0.10617854,LAYING
0.24035356,-0.035939737,-0.14396082,WALKING
0.38523426,0.00042136442,-0.11697045,WALKING
0.31645563,-0.053056489,-0.11772549,WALKING
0.20319549,-0.038446535,-0.13871066,WALKING
0.23717016,0.027868452,-0.14983832,WALKING
0.33268007,0.0052485192,-0.11552427,WALKING
0.36837858,-0.033389737,-0.11176978,WALKING
0.23201142,-0.017807834,-0.092754737,WALKING
0.18181686,-0.026174902,-0.057207626,WALKING
0.26372531,-0.011218524,-0.080054133,WALKING
0.34416053,0.014026806,-0.098313005,WALKING
0.32222132,-0.034243851,-0.1320607,WALKING
0.26773362,-0.039672038,-0.12391689,WALKING
0.25480481,0.0072181978,-0.11755844,WALKING
0.20035178,-0.034791181,-0.18126558,WALKING
0.27826892,0.018375829,-0.10129593,WALKING
0.34005104,-0.025916701,-0.10771677,WALKING
0.32614515,-0.043925372,-0.12927787,WALKING
0.24592767,-0.0079523616,-0.095790632,WALKING
0.23433414,0.0021469248,-0.065573512,WALKING
0.31359331,-0.0045343396,-0.090344735,WALKING
0.35077557,-0.035447483,-0.14039506,WALKING
0.27225339,-0.051844795,-0.13813305,WALKING
0.22209307,-0.0069243673,-0.1083546,WALKING
0.22819872,-0.0087733458,-0.11829796,WALKING
0.26561363,-0.019763709,-0.13399699,WALKING
0.29782733,-0.0038733054,-0.088706907,WALKING
0.33591127,0.0031701294,-0.14806525,WALKING_DOWNSTAIRS
0.2951506,-0.0019481725,-0.16404088,WALKING_DOWNSTAIRS
0.35136911,-0.043342194,-0.18324544,WALKING_DOWNSTAIRS
0.22365083,-0.014994443,-0.20351016,WALKING_DOWNSTAIRS
0.2269563,-0.011145835,-0.085405118,WALKING_DOWNSTAIRS
0.35190941,-0.031399701,-0.071041141,WALKING_DOWNSTAIRS
0.26049931,-0.016522642,-0.10016893,WALKING_DOWNSTAIRS
0.27854618,-0.018912952,-0.038705715,WALKING_DOWNSTAIRS
0.27317626,-0.02538602,-0.12691636,WALKING_DOWNSTAIRS
0.33965369,-0.0011800018,-0.11949014,WALKING_DOWNSTAIRS
0.18861068,-0.029963971,-0.10726699,WALKING_DOWNSTAIRS
0.35668201,-0.0084865836,-0.1344078,WALKING_DOWNSTAIRS
0.37473871,0.0057025172,-0.15411427,WALKING_DOWNSTAIRS
0.30192251,-0.036593718,-0.058174666,WALKING_DOWNSTAIRS
0.2759498,-0.054026822,-0.13384613,WALKING_DOWNSTAIRS
0.13869448,0.0035650465,-0.15191849,WALKING_DOWNSTAIRS
0.34347369,-0.022355798,-0.065401386,WALKING_DOWNSTAIRS
0.424807,-0.029256313,-0.10082195,WALKING_DOWNSTAIRS
0.20078516,-0.034157855,-0.11756235,WALKING_DOWNSTAIRS
0.42756169,-0.04476333,-0.15594,WALKING_DOWNSTAIRS
0.38293696,-0.03714332,-0.18415952,WALKING_DOWNSTAIRS
0.19855719,0.0092565328,-0.067628765,WALKING_DOWNSTAIRS
0.24951885,0.0039261371,-0.13222697,WALKING_DOWNSTAIRS
0.22801284,-0.0042838712,-0.18091127,WALKING_DOWNSTAIRS
0.33410992,-0.0093255827,-0.033509767,WALKING_DOWNSTAIRS
0.27667259,-0.035498731,-0.038827229,WALKING_DOWNSTAIRS
0.12138473,-0.10053922,-0.17815767,WALKING_UPSTAIRS
0.2336308,-0.019329601,-0.094497397,WALKING_UPSTAIRS
0.29920213,0.00088910097,-0.089378321,WALKING_UPSTAIRS
0.32127063,0.011140914,-0.13121135,WALKING_UPSTAIRS
0.22828647,-0.049432753,-0.15446376,WALKING_UPSTAIRS
0.24339753,-0.052324131,-0.094515087,WALKING_UPSTAIRS
0.38982759,0.016545606,-0.06136722,WALKING_UPSTAIRS
0.31137714,-0.025184805,-0.14714418,WALKING_UPSTAIRS
0.28896163,-0.032060168,-0.1872688,WALKING_UPSTAIRS
0.12803974,-0.17149004,-0.20126496,WALKING_UPSTAIRS
0.30984748,-0.076027687,-0.12892162,WALKING_UPSTAIRS
0.39052715,-0.011742366,-0.067125388,WALKING_UPSTAIRS
0.3067724,0.0027934938,-0.12185912,WALKING_UPSTAIRS
0.17543173,-0.055660281,-0.13085221,WALKING_UPSTAIRS
0.21317248,-0.036070128,-0.037668279,WALKING_UPSTAIRS
0.25487923,0.0098186253,-0.11610301,WALKING_UPSTAIRS
0.18985623,-0.010557565,-0.16922033,WALKING_UPSTAIRS
0.22028647,-0.14529952,-0.042427419,WALKING_UPSTAIRS
0.30126226,-0.031648946,-0.08434376,WALKING_UPSTAIRS
0.29812846,-0.021686009,-0.11539107,WALKING_UPSTAIRS
0.29854837,0.006219991,-0.10200848,WALKING_UPSTAIRS
0.25235428,-0.0053129762,-0.11227819,WALKING_UPSTAIRS
0.27764222,-0.043879138,-0.08554055,WALKING_UPSTAIRS
0.29724976,-0.01413362,-0.1331221,WALKING_UPSTAIRS
0.26222974,-0.016215127,-0.13942684,WALKING_UPSTAIRS
0.19695721,0.056389711,0.12161435,STANDING
0.24892254,-0.05081451,-0.040399394,STANDING
0.29745142,-0.053719594,-0.15501218,STANDING
0.31015977,0.018052605,-0.2236719,STANDING
0.30170926,-0.0023877425,-0.14306728,STANDING
0.28416228,-0.046540223,-0.10134398,STANDING
0.28272557,-0.02334463,-0.13606173,STANDING
0.28399551,-0.02101954,-0.12271536,STANDING
0.27880448,-0.017506022,-0.10882544,STANDING
0.27543356,-0.030908181,-0.12072162,STANDING
0.27435965,-0.02244621,-0.11482096,STANDING
0.271998,0.016903657,-0.078855736,STANDING
0.28471301,-0.0073963422,-0.12004112,STANDING
0.27953649,-0.031443794,-0.11189953,STANDING
0.27751085,-0.018852345,-0.100455,STANDING
0.44771752,0.20709635,-0.11742993,STANDING
0.26047972,-0.032310015,-0.066292175,STANDING
0.27695929,-0.0030107488,-0.11633288,STANDING
0.27982846,-0.0055066311,-0.10796935,STANDING
0.2791094,-0.021106346,-0.11382425,STANDING
0.28098394,-0.0082996595,-0.124802,STANDING
0.27802502,-0.017025198,-0.11254668,STANDING
0.27552393,-0.031934758,-0.11197509,STANDING
0.27697908,-0.023169356,-0.11972657,STANDING
0.27988052,-0.02071467,-0.11288727,STANDING
0.27583885,-0.019245117,-0.10385565,STANDING
0.27577535,-0.017373061,-0.1006749,STANDING
0.27900791,-0.020434043,-0.098528945,STANDING
0.12080064,0.14263826,-0.099045917,SITTING
0.25615433,-0.034265946,-0.14602717,SITTING
0.2612768,0.015786385,-0.1414368,SITTING
0.24486664,0.002317532,-0.10838318,SITTING
0.27861767,-0.014431964,-0.11842574,SITTING
0.26804369,-0.014861369,-0.10541412,SITTING
0.27364874,-0.01562259,-0.11175376,SITTING
0.27792867,-0.019371201,-0.096513379,SITTING
0.27786886,-0.017912133,-0.1033975,SITTING
0.29024824,-0.014810354,-0.14075001,SITTING
0.28122698,-0.014494686,-0.13413847,SITTING
0.29496156,0.10088708,-0.076497263,SITTING
0.29758243,-0.023350527,-0.14052549,SITTING
0.29063575,-0.0530333,-0.13718076,SITTING
0.27770711,-0.0065165993,-0.1065482,SITTING
0.27300859,-0.0069017049,-0.097782527,SITTING
0.27407041,0.0019628469,-0.11901616,SITTING
0.28287247,-0.015263164,-0.13345985,SITTING
0.27699958,-0.02525726,-0.10636108,SITTING
0.27264024,-0.016228416,-0.10013735,SITTING
0.28049483,-0.018677425,-0.11243487,SITTING
0.28213962,-0.015997534,-0.12714797,SITTING
0.26791366,-0.018408409,-0.12914511,SITTING
0.22616075,-0.032703273,-0.13220875,LAYING
0.34236147,-0.014674551,-0.12243898,LAYING
0.30918786,-0.015817873,-0.081736704,LAYING
0.32839403,-0.01565107,-0.12709487,LAYING
0.24894849,-0.015019473,-0.13194219,LAYING
0.23587587,-0.017576226,-0.10460291,LAYING
0.28108608,-0.019006838,-0.099214926,LAYING
0.27670047,-0.017401435,-0.10352492,LAYING
0.27475355,-0.016348639,-0.10218199,LAYING
0.27468606,-0.017398259,-0.10459644,LAYING
0.27931286,-0.018870441,-0.10540243,LAYING
0.27969764,-0.018038713,-0.10741997,LAYING
0.28034562,-0.015836214,-0.1074572,LAYING
0.2774361,-0.018239007,-0.10730183,LAYING
0.13125238,-0.021430718,-0.032951663,LAYING
0.36121188,-0.022512242,-0.1108282,LAYING
0.25968094,-0.014541919,-0.10729552,LAYING
0.27615756,-0.017925325,-0.10658656,LAYING
0.28342351,-0.017809186,-0.11561919,LAYING
0.28339096,-0.01740432,-0.10660301,LAYING
0.27768061,-0.017184883,-0.10267015,LAYING
0.27570584,-0.016185794,-0.10978194,LAYING
0.27870455,-0.016360639,-0.11002396,LAYING
0.28298767,-0.017558121,-0.10810414,LAYING
0.28376718,-0.016931096,-0.10908741,LAYING
0.27515858,-0.017210267,-0.11045588,LAYING
0.27617573,-0.015495426,-0.11202446,LAYING
0.29028719,-0.017847182,-0.10882953,LAYING
0.25043299,-0.054901682,-0.045979808,WALKING
0.32786904,-0.0040773374,-0.098404092,WALKING
0.30185875,-0.019949357,-0.11149195,WALKING
0.28446165,-0.029960687,-0.11861079,WALKING
0.28960197,-0.0014044157,-0.10974595,WALKING
0.26192646,-0.008083593,-0.13448012,WALKING
0.22620799,-0.014344769,-0.085257762,WALKING
0.23452938,-0.0087610011,-0.042902113,WALKING
0.23975482,-0.016195432,-0.094639166,WALKING
0.29704619,0.0025992483,-0.10213259,WALKING
0.35051994,-0.00055360044,-0.10455097,WALKING
0.29688239,-0.040237913,-0.11094767,WALKING
0.24206269,-0.047474036,-0.12775566,WALKING
0.23494583,-0.0075978644,-0.14537347,WALKING
0.29398061,0.0091110282,-0.12394531,WALKING
0.30187688,-0.021695557,-0.10180921,WALKING
0.22356805,-0.058518618,-0.069281327,WALKING
0.18082048,-0.0022807914,-0.072973862,WALKING
0.32962567,0.0065155194,-0.07772682,WALKING
0.33606288,-0.01867498,-0.11339317,WALKING
0.22117875,-0.054174753,-0.14190597,WALKING
0.2467954,-0.026464299,-0.13399074,WALKING
0.28482415,0.0064793698,-0.10993019,WALKING
0.31149451,0.0095462177,-0.098184034,WALKING
0.32773782,0.0062108251,-0.12265797,WALKING
0.26303998,-0.025308313,-0.12912904,WALKING
0.19515077,-0.027844824,-0.091366411,WALKING
0.24275744,-0.00075816579,-0.06935426,WALKING
0.35641935,0.0018970401,-0.094958099,WALKING
0.34211244,-0.04419375,-0.10942679,WALKING
0.26375943,0.047499744,-0.043262579,WALKING_DOWNSTAIRS
0.27857697,-0.0020487016,-0.1119891,WALKING_DOWNSTAIRS
0.28524939,-0.027630022,-0.12521798,WALKING_DOWNSTAIRS
